id,short_name,full_name,submission_date,notification_date,conference_date,location,ccf_rank,core_rank,qualis_rank,cp_index,cp_index_rank,cp_index_confidence,is_extended,years,clicked,detail_page
412,AAMAS,International Joint Conference on Autonomous Agents and Multi-agent Systems,2026-10-01,2026-12-21,2027-05-03,"Hanoi, Vietnam",B,A,A1,91.1,57,1,False,26,618949,https://www.myhuiban.com/conference/412
336,FPGA,International Symposium on Field-Programmable Gate Arrays,2026-10-01,2026-11-24,2027-03-14,"Seaside, California, USA",B,A,A2,78.49,219,0.8,False,35,68937,https://www.myhuiban.com/conference/336
334,IPDPS,International Parallel & Distributed Processing Symposium,2026-10-01,,2027-06-01,"Seattle, Washington, USA",B,A,A1,92.87,33,1,False,41,188573,https://www.myhuiban.com/conference/334
617,DCC,Data Compression Conference,2026-10-02,2026-11-22,2027-03-23,"Snowbird, Utah, USA",B,B,A2,61.06,577,0.8,False,0,79459,https://www.myhuiban.com/conference/617
3436,DFRWS EU,Digital Forensics Conference Europe,2026-10-02,2026-12-04,2027-03-30,"Edinburgh, Scotland",C,,,46.73,2378,0.8,True,0,18898,https://www.myhuiban.com/conference/3436
1404,EDCC,European Dependable Computing Conference,2026-10-02,2026-12-11,2027-04-06,"Trondheim, Norway",,,B2,60.95,584,0.8,False,22,23621,https://www.myhuiban.com/conference/1404
87,FSE,ACM SIGSOFT Symposium on the Foundations of Software Engineering,2026-10-02,2027-03-31,2027-07-12,"Shenzhen, China",A,A*,A1,91.72,52,1,False,35,1906390,https://www.myhuiban.com/conference/87
318,ICC,International Conference on Communications,2026-10-02,2027-01-15,2027-05-30,"Washington DC, USA",C,,A2,87.43,106,1,False,26,11301498,https://www.myhuiban.com/conference/318
218,SAC',ACM Symposium On Applied Computing,2026-10-02,2026-11-13,2027-04-05,"Gwangju, South Korea",,,A1,90.26,65,1,False,42,1006526,https://www.myhuiban.com/conference/218
932,WONS,International Conference on Wireless On-demand Network Systems and Services,2026-10-02,2026-11-13,2027-01-25,"Cortina d'Ampezzo, Italy",,,B4,64.05,471,1,False,22,21700,https://www.myhuiban.com/conference/932
139,EDBT,International Conference on Extending Database Technology,2026-10-07,2026-12-05,2027-04-06,"Lille, France",B,B,A2,73.39,284,0.8,False,30,172716,https://www.myhuiban.com/conference/139
1827,CHIIR,ACM SIGIR Conference on Human Information Interaction and Retrieval,2026-10-08,2026-12-15,2027-03-07,"Berlin, Germany",,B,,58.54,655,0.8,False,0,37515,https://www.myhuiban.com/conference/1827
3722,ETRA,ACM Symposium on Eye Tracking Research and Applications,2026-10-09,2027-01-22,2027-06-07,"Pamplona, Spain",,B,,63.71,483,0.8,False,19,1028250,https://www.myhuiban.com/conference/3722
515,FG,International Conference on Automatic Face and Gesture Recognition,2026-10-09,2026-12-20,2027-04-26,"Marrakesh, Morocco",C,B,A1,75.96,249,0.8,False,21,59581,https://www.myhuiban.com/conference/515
608,HotMobile,International Workshop on Mobile Computing Systems and Applications,2026-10-09,2026-12-16,2027-02-24,"Tucson, Arizona",,,B2,63.64,488,0.8,False,28,31924,https://www.myhuiban.com/conference/608
1574,ICETC,International Conference on Education Technology and Computers,2026-10-10,2026-11-10,2026-12-14,"Porto, Portugal",,,B4,52.8,1095,0.8,True,18,23361,https://www.myhuiban.com/conference/1574
230,ICSC,International Conference on Semantic Computing,2026-10-10,2026-12-01,2027-02-01,"Laguna Hills, California, USA",,,B2,62.35,527,0.8,False,21,40851,https://www.myhuiban.com/conference/230
1497,IFIP WG 11.9,IFIP WG 11.9 International Conference on Digital Forensics,2026-10-10,2026-11-10,2027-01-07,"New Delhi, India",C,,,64.28,462,0.8,False,22,42949,https://www.myhuiban.com/conference/1497
133,SIGMOD,ACM Conference on Management of Data,2026-10-10,2027-01-19,2027-06-13,"Huntington Beach, California, USA",A,A*,A1,81.31,182,0.8,False,54,1324518,https://www.myhuiban.com/conference/133
389,STACS,International Symposium on Theoretical Aspects of Computer Science,2026-10-11,2026-12-22,2027-03-08,"Gottingen, Germany",C,A,A2,87.7,100,1,False,44,48519,https://www.myhuiban.com/conference/389
419,ALT,International Conference on Algorithmic Learning Theory,2026-10-12,2027-01-05,2027-03-09,"Leiden, the Netherlands",C,B,B1,80.45,194,1,False,38,108149,https://www.myhuiban.com/conference/419
170,COLING,International Conference on Computational Linguistics,2026-10-12,2027-02-10,2027-05-09,"Macau, China",B,B,A1,92.83,35,1,False,32,228407,https://www.myhuiban.com/conference/170
743,ICIT,IEEE International Conference on Industrial Technology,2026-10-12,2026-12-11,2027-03-15,"Florianopolis, Brazil",,,B3,61.34,564,0.8,False,28,44360,https://www.myhuiban.com/conference/743
426,NAACL,Annual Conference of the North American Chapter of the Association for Computational Linguistics,2026-10-12,,2027-06-01,"San Francisco, California, USA",B,A,A1,89.46,75,1,False,25,442258,https://www.myhuiban.com/conference/426
340,ISCAS,International Symposium on Circuits and Systems,2026-10-13,2027-01-11,2027-06-06,"Bordeaux, France",B,C,A1,64.51,454,0.8,False,0,149968,https://www.myhuiban.com/conference/340
200,ESOP,European Symposium on Programming,2026-10-15,2026-12-22,2027-04-10,"Copenhagen, Denmark",,A,A2,83.77,147,1,False,36,49218,https://www.myhuiban.com/conference/200
768,ETAPS,European Joint Conferences on Theory and Practice of Software,2026-10-15,2026-12-22,2027-04-10,"Copenhagen, Denmark",B,,,61.06,577,0.8,False,0,40910,https://www.myhuiban.com/conference/768
202,FoSSaCS,International Conference on Foundations of Software Science and Computation Structures,2026-10-15,2026-12-22,2027-04-10,"Copenhagen, Denmark",,B,A2,81.46,180,1,False,30,43887,https://www.myhuiban.com/conference/202
203,TACAS,International Conference on Tools and Algorithms for the Construction and Analysis of Systems,2026-10-15,2026-12-22,2027-04-10,"Copenhagen, Denmark",,A,A1,87.16,109,1,False,33,53038,https://www.myhuiban.com/conference/203
137,The Web Conference,The ACM Web Conference,2026-10-18,2027-01-04,2027-05-10,"Dublin, Ireland",A,A*,A1,96.95,5,1,False,36,682446,https://www.myhuiban.com/conference/137
5211,TechDebt,International Conference on Technical Debt,2026-10-19,2027-01-11,2027-04-25,"Dublin, Ireland",,B,,57.57,695,0.8,False,10,2922,https://www.myhuiban.com/conference/5211
572,MSR,Working Conference on Mining Software Repositories,2026-10-20,2027-01-08,2027-04-26,"Dublin, Ireland",C,A,B1,80.58,190,1,False,24,44261,https://www.myhuiban.com/conference/572
186,SEAMS,International Symposium on Software Engineering for Adaptive and Self-Managing Systems,2026-10-21,2026-12-03,2027-04-26,"Dublin, Ireland",,A,B3,67.4,382,0.8,False,22,36155,https://www.myhuiban.com/conference/186
4316,CHASE',International Conference on Cooperative and Human Aspects of Software Engineering,2026-10-23,2026-12-18,2027-04-26,"Dublin, Ireland",,B,,63.14,496,0.8,False,20,11111,https://www.myhuiban.com/conference/4316
2906,CVM,International Conference on Computational Visual Media,2026-10-23,2026-12-15,2027-04-09,Singapore,C,,,63.84,476,0.8,False,15,47115,https://www.myhuiban.com/conference/2906
479,ISBI,International Symposium on Biomedical Imaging,2026-10-26,2027-01-12,2027-05-25,"Lausanne, Switzerland",,,B1,68.78,353,0.8,False,25,35053,https://www.myhuiban.com/conference/479
5718,AROB,International Symposium on Artificial Life and Robotics,2026-10-28,2026-11-11,2027-01-19,"Beppu, Japan",,C,,55.59,817,0.8,False,32,1436,https://www.myhuiban.com/conference/5718
477,RECOMB,International Conference on Research in Computational Molecular Biology,2026-10-28,2026-12-22,2027-05-17,"Toronto, Ontario, Canada",B,B,A2,87.48,105,1,False,31,58249,https://www.myhuiban.com/conference/477
61,SenSys,ACM/IEEE Conference on Embedded Artificial Intelligence and Sensing Systems,2026-10-29,2027-01-28,2027-05-17,"Boulder, Colorado, USA",B,,A1,92.9,32,1,False,25,75912,https://www.myhuiban.com/conference/61
5208,AST,ACM/IEEE International Conference on Automation of Software Test,2026-10-30,2027-01-08,2027-04-26,"Dublin, Ireland",,C,,51.73,1254,0.8,False,8,3925,https://www.myhuiban.com/conference/5208
5209,CAIN,International Conference on AI Engineering – Software Engineering for AI,2026-10-30,2027-01-11,2027-04-25,"Dublin, Ireland",,B,,56.16,769,0.8,False,6,4049,https://www.myhuiban.com/conference/5209
176,ICSA,IEEE International Conference on Software Architecture,2026-10-30,2026-12-15,2027-03-08,"Sydney, Australia",C,A,B1,78.81,216,1,False,24,72823,https://www.myhuiban.com/conference/176
5628,SAFEPROCESS,"IFAC Symposium on Fault Detection, Supervision and Safety for Technical Processes",2026-10-31,2027-02-28,2027-06-29,"Delft, the Netherlands",,C,,50.8,1425,0.8,False,13,1022,https://www.myhuiban.com/conference/5628
996,SIROCCO,International Colloquium on Structural Information and Communication Complexity,2026-10-31,2027-01-30,2027-06-02,"Larnaca, Cyprus",,B,B2,70.68,327,1,False,34,24550,https://www.myhuiban.com/conference/996
1598,EuroGP,European Conference on Genetic Programming,2026-11-01,2027-01-10,2027-07-31,"Mainz, Germany",,B,B1,74.83,265,1,False,30,18261,https://www.myhuiban.com/conference/1598
5202,EvoApplications,International Conference on the Applications of Evolutionary Computation,2026-11-01,2027-01-10,2027-03-31,"Mainz, Germany",,B,,63.41,493,0.8,False,30,4207,https://www.myhuiban.com/conference/5202
1349,EvoCOP,European Conference on Evolutionary Computation in Combinatorial Optimisation,2026-11-01,2027-01-10,2027-03-31,"Mainz, Germany",,B,B2,72.13,303,1,False,27,23053,https://www.myhuiban.com/conference/1349
3416,EvoMUSART,"International Conference on Computational Intelligence in Music, Sound, Art and Design",2026-11-01,2027-01-10,2027-03-31,"Mainz, Germany",,C,,64.25,464,1,False,16,16060,https://www.myhuiban.com/conference/3416
503,ACE,Australasian Computing Education Conference,2026-11-02,2026-12-17,2027-02-01,"Canberra, Australia",,B,B2,64,473,0.8,False,29,20325,https://www.myhuiban.com/conference/503
934,ICST,"International Conference on Software Testing, Verification and Validation",2026-11-02,2027-02-20,2027-05-17,"San Sebastian, Spain",C,A,B2,81.05,184,1,False,20,49205,https://www.myhuiban.com/conference/934
359,STOC,ACM Symposium on Theory of Computing,2026-11-02,2027-02-01,2027-06-06,"Atlanta, Georgia, USA",A,A*,A1,92.54,41,1,False,59,25563902,https://www.myhuiban.com/conference/359
1391,ICEIT,International Conference on Educational and Information Technology,2026-11-05,2026-12-05,2027-03-26,"Chongqing, China",,,B5,51.3,1321,0.8,False,16,26616,https://www.myhuiban.com/conference/1391
573,ICPC,International Conference on Program Comprehension,2026-11-05,2027-01-14,2027-04-25,"Dublin, Ireland",B,A,A2,82.23,170,1,False,35,60258,https://www.myhuiban.com/conference/573
1850,REFSQ,Requirements Engineering: Foundation for Software Quality,2026-11-05,2027-01-14,2027-04-12,"Basel, Switzerland",C,B,,65.33,430,0.8,False,33,32443,https://www.myhuiban.com/conference/1850
349,RTAS,IEEE Real-Time and Embedded Technology and Applications Symposium,2026-11-05,2027-01-28,2027-05-11,"New York City, New York, USA",B,A,A2,87.55,104,1,False,33,50815,https://www.myhuiban.com/conference/349
286,PacificVis,IEEE Pacific Visualization Symposium,2026-11-08,2026-12-15,2027-04-19,"Busan, South Korea",C,B,B3,66.01,414,0.8,False,20,63145,https://www.myhuiban.com/conference/286
312,NOMS,IEEE/IFIP Network Operations and Management Symposium,2026-11-09,2027-01-15,2027-05-10,"Montreal, Quebec, Canada",,B,A2,85.56,123,1,False,40,65563,https://www.myhuiban.com/conference/312
407,CVPR,IEEE Conference on Computer Vision and Pattern Recognition,2026-11-10,2027-02-25,2027-06-20,"Seattle, Washington, USA",A,A*,A1,94.34,15,1,False,0,50764698,https://www.myhuiban.com/conference/407
5711,IPAS,IEEE International Conference on Image Processing Applications and Systems,2026-11-10,2026-12-15,2027-04-06,"Castellon de la Plana, Spain",,C,,47.79,2116,0.8,False,7,927,https://www.myhuiban.com/conference/5711
289,S&P,IEEE Symposium on Security and Privacy,2026-11-10,2027-03-05,2027-05-18,"Montreal, Canada",A,A*,,98.31,1,1,False,48,356069,https://www.myhuiban.com/conference/289
135,ICDE,International Conference on Data Engineering,2026-11-11,2027-02-10,2027-05-17,"Copenhagen, Denmark",A,A*,A1,97.31,3,1,False,43,347244,https://www.myhuiban.com/conference/135
164,PLDI,ACM SIGPLAN conference on Programming Language Design and Implementation,2026-11-12,2027-03-04,2027-06-05,"Atlanta, Georgia, USA",A,A*,A1,94.13,18,1,False,48,259012,https://www.myhuiban.com/conference/164
5589,ACC',Australasian Combinatorics Conference,2026-11-13,,2026-12-07,"Melbourne, Australia",,C,,56.76,747,0.8,False,48,996,https://www.myhuiban.com/conference/5589
1489,VTS,VLSI Test Symposium,2026-11-13,2027-01-29,2027-04-26,"Napa, California, USA",C,,A2,75.16,261,0.8,False,45,36720,https://www.myhuiban.com/conference/1489
5586,AISC,Australasian Information Security Conference,2026-11-15,2026-12-10,2027-02-01,"Canberra, Australia",,C,,56.06,779,0.8,False,18,1068,https://www.myhuiban.com/conference/5586
5585,AusPDC,Australasian Symposium on Parallel and Distributed Computing,2026-11-15,2026-12-15,2027-02-01,"Canberra, Australia",,C,,57.14,716,0.8,False,25,803,https://www.myhuiban.com/conference/5585
2062,ISNN,International Symposium on Neural Networks,2026-11-15,2026-12-15,2027-05-09,"Hangzhou, China",,C,,58.72,647,0.8,False,21,33046,https://www.myhuiban.com/conference/2062
849,CICC,IEEE Custom Integrated Circuits Conference,2026-11-16,,2027-04-18,"San Diego, California, USA",,,B2,49,1850,0.8,False,0,25602,https://www.myhuiban.com/conference/849
2911,CLOSER,International Conference on Cloud Computing and Services Science,2026-11-17,2027-01-15,2027-04-17,"Rome, Italy",,C,,58.5,659,0.8,False,17,14369,https://www.myhuiban.com/conference/2911
5600,CSEDU,International Conference on Computer Supported Education,2026-11-17,2027-01-15,2027-04-16,"Rome, Italy",,B,,59.66,617,0.8,False,19,1345,https://www.myhuiban.com/conference/5600
254,ENASE,International Conference on Evaluation of Novel Approaches to Software Engineering,2026-11-17,2027-01-15,2027-04-20,"Rome, Italy",,B,B4,66.32,407,0.8,False,22,26558,https://www.myhuiban.com/conference/254
182,ICEIS,International Conference on Enterprise Information Systems,2026-11-17,2027-01-15,2027-04-20,"Rome, Italy",,,B1,81.91,173,1,False,29,72873,https://www.myhuiban.com/conference/182
1796,ICT4AWE,International Conference on Information and Communication Technologies for Ageing Well and e-Health,2026-11-17,2027-01-15,2027-04-19,"Rome, Italy",,C,,57.41,705,0.8,False,13,17027,https://www.myhuiban.com/conference/1796
5612,IoTBDS,"International Conference on Internet of Things, Big Data and Security",2026-11-17,2027-01-15,2027-04-18,"Rome, Italy",,C,,53.48,1003,0.8,False,12,1028,https://www.myhuiban.com/conference/5612
5601,VEHITS,International Conference on Vehicle Technology and Intelligent Transport Systems,2026-11-17,2027-01-15,2027-04-16,"Rome, Italy",,C,,52.84,1085,0.8,False,13,1106,https://www.myhuiban.com/conference/5601
2358,ESANN,"European Symposium on Artificial Neural Networks, Computational Intelligence and Machine Learning",2026-11-18,2027-01-22,2027-04-21,"Bruges, Belgium",,B,,65.68,420,0.8,False,35,21714,https://www.myhuiban.com/conference/2358
897,MMSys,ACM Multimedia Systems Conference,2026-11-19,2026-12-22,2027-03-30,"Ghent, Belgium",,A,B3,71.74,307,0.8,False,18,77240,https://www.myhuiban.com/conference/897
157,PAKDD,Pacific-Asia Conference on Knowledge Discovery and Data Mining,2026-11-20,2027-02-26,2027-06-29,"Wellington, New Zealand",C,B,,72.34,300,0.8,False,31,419555,https://www.myhuiban.com/conference/157
158,DASFAA,International Conference on Database Systems for Advanced Applications,2026-11-22,,2027-05-28,"Shenyang, China",B,B,B1,74.44,272,0.8,False,32,351279,https://www.myhuiban.com/conference/158
5636,WorldCist,World Conference on Information Systems and Technologies,2026-11-22,2027-01-06,2027-03-23,"Cape Town, South Africa",,C,,54.52,892,0.8,False,15,930,https://www.myhuiban.com/conference/5636
187,DSN,International Conference on Dependable Systems and Networks,2026-11-25,2027-03-18,2027-06-22,"Berlin, Germany",B,A,A1,93.2,28,1,False,57,161845,https://www.myhuiban.com/conference/187
357,Mobisys,"International Conference on Mobile Systems, Applications and Services",2026-11-27,2027-03-06,2027-06-21,"Ho Chi Minh City, Vietnam",B,A,A1,93.47,24,1,False,25,133894,https://www.myhuiban.com/conference/357
908,HPSR,IEEE Conference on High Performance Switching and Routing,2026-11-30,2027-03-01,2027-06-15,"Paris, France",,C,,65.02,435,1,False,28,35666,https://www.myhuiban.com/conference/908
311,SECON,"IEEE International Conference on Sensing, Communication and Networking",2026-11-30,2027-02-15,2027-05-05,"Lisbon, Portugal",B,B,B1,82.61,163,1,False,23,117469,https://www.myhuiban.com/conference/311
2409,CPAIOR,"International Conference on the Integration of Constraint Programming, Artificial Intelligence, and Operations Research",2026-12-01,,2027-06-01,"Toulouse, France",,B,,63.01,500,0.8,False,24,18231,https://www.myhuiban.com/conference/2409
585,FSE',International Conference on Fast Software Encryption,2026-12-01,2027-02-01,2027-05-24,"Maastricht, the Netherlands",B,B,A2,77.32,232,0.8,False,33,60243,https://www.myhuiban.com/conference/585
5599,IE',International Conference on Intelligent Environments,2026-12-01,2027-02-22,2027-06-21,"Skopje, North Macedonia",,B,,61.61,555,0.8,False,23,936,https://www.myhuiban.com/conference/5599
358,OSDI,USENIX Symposium on Operating Systems Design and Implementation,2026-12-01,2027-03-16,2027-07-07,"Baltimore, Maryland, USA",A,A*,A1,95.24,10,1,False,21,4566297,https://www.myhuiban.com/conference/358
652,WoWMoM,"International Symposium on a World of Wireless, Mobile and Multimedia Networks",2026-12-01,2027-02-10,2027-06-21,"Irvine, California, USA",C,C,B3,80.36,196,1,False,28,97047,https://www.myhuiban.com/conference/652
138,PODS,ACM SIGMOD Conference on Principles of DB Systems,2026-12-03,2027-03-01,2027-06-13,"Huntington Beach, California, USA",B,A*,A1,79.61,204,0.8,False,46,7157287,https://www.myhuiban.com/conference/138
417,ICAPS,International Conference on Automated Planning and Scheduling,2026-12-07,2027-02-26,2027-06-27,"Columbia, South Carolina, USA",B,A*,A2,89.18,83,1,False,37,169550,https://www.myhuiban.com/conference/417
342,CCGRID,"International Symposium on Cluster, Cloud and Grid Computing",2026-12-08,2027-02-10,2027-05-17,"Dallas-Fort Worth, Texas, USA",C,B,A1,90.14,66,1,False,27,341866,https://www.myhuiban.com/conference/342
1485,ETS,European Test Symposium,2026-12-08,2027-02-19,2027-05-24,"London, UK",C,B,B2,67.77,373,0.8,False,32,43365,https://www.myhuiban.com/conference/1485
785,WISTP,International Conference on Information Security Theory and Practice,2026-12-09,2027-02-09,2027-03-19,"Djerba, Tunisia",,C,,55.89,794,0.8,False,15,20327,https://www.myhuiban.com/conference/785
367,ACM ASIACCS,ACM ASIA Conference on Computer and Communications Security,2026-12-11,2027-03-31,2027-07-12,"Macau, China",C,A,B1,89.38,77,1,False,22,245374,https://www.myhuiban.com/conference/367
210,ARCS,International Conference on Architecture of Computing Systems,2026-12-14,2027-02-08,2027-03-09,"Magdeburg, Germany",,,B2,64.43,456,0.8,False,40,36391,https://www.myhuiban.com/conference/210
1851,ICDF2C,EAI International Conference on Digital Forensics & Cyber Crime,2026-12-15,2027-02-18,2027-06-25,"New York City, New York, USA",C,,,62.51,519,0.8,False,18,31452,https://www.myhuiban.com/conference/1851
177,ISSTA,International Symposium on Software Testing and Analysis,2027-01-08,2027-06-17,2027-09-07,Singapore,A,A,A2,92.62,40,1,False,36,2434238,https://www.myhuiban.com/conference/177
1413,DIS,ACM Conference on Designing Interactive Systems,2027-01-11,2027-03-19,2027-06-28,"Stockholm, Sweden",C,A,A2,71.23,317,0.8,False,0,340210,https://www.myhuiban.com/conference/1413
5319,IGARSS,International Geoscience and Remote Sensing Symposium,2027-01-11,2027-03-12,2027-07-11,"Reykjavík, Iceland",,C,,49.54,1715,0.8,False,5,6315,https://www.myhuiban.com/conference/5319
327,SIGMETRICS,International Conference on Measurement and Modeling of Computer Systems,2027-01-11,2027-03-10,2027-06-07,"Atlanta, Georgia, USA",B,A*,A1,96.51,6,1,False,53,760743,https://www.myhuiban.com/conference/327
112,INDIN,International Conference on Industrial Informatics,2027-01-12,2027-02-16,2027-05-10,"Lisbon, Portugal",,C,B3,60.45,594,0.8,False,25,78932,https://www.myhuiban.com/conference/112
2955,ICBC,IEEE International Conference on Blockchain and Cryptocurrency,2027-01-14,2027-03-18,2027-05-31,"Toronto, Ontario, Canada",,C,,67.07,394,1,False,9,38348,https://www.myhuiban.com/conference/2955
79,DSDE,International Conference on Data Storage and Data Engineering,2027-01-15,2027-02-15,2027-07-09,"Tokyo, Japan",,,B4,54.18,923,0.8,False,10,35002,https://www.myhuiban.com/conference/79
526,ICWSM,International AAAI Conference on Web and Social Media,2027-01-15,2027-03-15,2027-05-27,"Edinburgh, UK",B,A,B1,71.41,314,0.8,False,21,37176,https://www.myhuiban.com/conference/526
913,IWCMC,International Wireless Communications and Mobile Computing Conference,2027-01-15,2027-03-30,2027-06-13,"Barcelona, Spain",,B,B1,76.2,246,1,False,23,70139,https://www.myhuiban.com/conference/913
292,USENIX Security,USENIX Security Symposium,2027-01-19,,2027-08-11,"Denver, Colorado, USA",A,A*,A1,93.41,26,1,False,36,369424,https://www.myhuiban.com/conference/292
243,CAV,"International Conference on
Computer-Aided Verification",2027-01-20,2027-04-23,2027-07-19,"Amsterdam, the Netherlands",A,A*,A1,89.75,73,1,False,39,56535,https://www.myhuiban.com/conference/243
360,ACNS,International Conference on Applied Cryptography and Network Security,2027-01-21,2027-03-25,2027-06-28,"Egham, UK",C,B,B1,82.38,167,1,False,25,122500,https://www.myhuiban.com/conference/360
326,SPAA,ACM Symposium on Parallelism in Algorithms and Architectures,2027-01-22,2027-04-10,2027-06-05,"Atlanta, Georgia, USA",B,B,A2,79.05,210,0.8,False,39,130536,https://www.myhuiban.com/conference/326
4666,PCS,Picture Coding Symposium,2027-01-26,2027-03-09,2027-06-07,"Mexico City, Mexico",,C,,59.46,625,0.8,False,39,9039,https://www.myhuiban.com/conference/4666
297,CSF,IEEE Computer Security Foundations Symposium,2027-01-28,2027-04-05,2027-07-26,"Tokyo, Japan",B,A,,85,131,1,False,40,64214,https://www.myhuiban.com/conference/297
5671,ICAIL,International Conference on Artificial Intelligence and Law,2027-01-28,2027-04-19,2027-07-05,"Vienna, Austria",,C,,56.48,759,0.8,False,22,1043,https://www.myhuiban.com/conference/5671
4051,WHC,IEEE World Haptics Conference,2027-01-29,2027-04-16,2027-07-12,"Boston, Massachusetts, USA",C,,,53.27,1029,0.8,False,5,22627,https://www.myhuiban.com/conference/4051
3337,BlockSys,"International Conference on Blockchain, Artificial Intelligence, and Trustworthy Systems",2027-01-31,2027-03-15,2027-04-16,"Guangzhou, China",C,,,57.8,690,0.8,False,9,22346,https://www.myhuiban.com/conference/3337
179,COMPSAC,International Computer Software and Applications Conference,2027-01-31,2027-04-07,2027-07-13,"Tokyo, Japan",C,B,A2,88.1,95,1,False,51,173316,https://www.myhuiban.com/conference/179
428,IJCNN,International Joint Conference on Neural Networks,2027-01-31,2027-03-15,2027-06-14,"Cape Town, South Africa",C,B,A2,62.68,514,0.8,False,0,10373991,https://www.myhuiban.com/conference/428
1002,WG,International Workshop on Graph-Theoretic Concepts in Computer Science,2027-01-31,2027-04-09,2027-06-15,"Schloss Schney, Germany",,B,B1,75.47,257,1,False,53,22121,https://www.myhuiban.com/conference/1002
1491,INTERACT,IFIP TC13 International Conference on Human-Computer Interaction,2027-02-01,2027-03-08,2027-08-23,"Tallinn, Estonia",C,B,B1,67.3,385,0.8,False,21,37344,https://www.myhuiban.com/conference/1491
5635,WAW,Workshop on Modelling and Mining Networks,2027-02-01,2027-03-01,2027-06-28,"Sophia Antipolis, France",,C,,55.96,785,0.8,False,22,753,https://www.myhuiban.com/conference/5635
185,ICCS,International Conference on Computational Science,2027-02-05,2027-04-05,2027-07-12,"Krakow, Poland",,,A2,74.01,277,0.8,False,27,63074,https://www.myhuiban.com/conference/185
5626,RC,International Conference on Reversible Computation,2027-02-05,2027-04-23,2027-07-08,"Nancy, France",,C,,55.2,845,0.8,False,19,908,https://www.myhuiban.com/conference/5626
5670,I4CS,International Conference on Innovations for Community Services,2027-02-07,2027-03-16,2027-06-14,"Ingolstadt, Germany",,C,,57.02,724,0.8,False,27,718,https://www.myhuiban.com/conference/5670
992,IWOCA,International Workshop on Combinatorial Algorithms,2027-02-08,2027-04-12,2027-06-21,"Prague, Czech Republic",,C,,67.01,397,1,False,38,24767,https://www.myhuiban.com/conference/992
1173,MobileHCI,International Conference on Human-Computer Interaction with Mobile Devices and Services,2027-02-10,2027-04-15,2027-09-20,"Limassol, Cyprus",B,B,A2,75.7,255,0.8,False,29,43314,https://www.myhuiban.com/conference/1173
169,ECOOP,European Conference on Object-Oriented Programming,2027-02-11,2027-04-08,2027-06-28,"Turin, Italy",B,A,A1,92.77,37,1,False,41,74005,https://www.myhuiban.com/conference/169
131,ICCCN,International Conference on Computer Communications and Networks,2027-02-12,2027-04-16,2027-07-12,"Rome, Italy",C,B,B1,82.94,158,1,False,36,228440,https://www.myhuiban.com/conference/131
365,SACMAT,ACM Symposium on Access Control Models and Technologies,2027-02-12,2027-03-29,2027-07-19,"Durham, UK",C,C,A1,90.66,62,1,False,32,61961,https://www.myhuiban.com/conference/365
1367,EIT,International Conference on Electro/Information Technology,2027-02-15,2027-03-29,2027-05-20,"Edwardsville, Illinois, USA",,,B4,41.92,4597,0.8,False,0,21055,https://www.myhuiban.com/conference/1367
165,ICFP,ACM SIGPLAN International Conference on Functional Programming,2027-02-25,2027-06-11,2027-09-26,"Nijmegen, Netherlands",B,A,A2,84.02,146,1,False,32,68168,https://www.myhuiban.com/conference/165
824,QoMEX,International Conference on Quality of Multimedia Experience,2027-02-27,2027-04-13,2027-07-06,"Shanghai, China",,B,,62.1,538,0.8,False,19,21499,https://www.myhuiban.com/conference/824
281,CGI-AI,Computer Graphics International & Artificial Intelligence,2027-02-28,,2027-07-05,"Cairns, Australia",C,C,B1,77.9,222,1,False,44,113297,https://www.myhuiban.com/conference/281
5656,EURO,European Conference on Operations Research,2027-02-28,2027-03-07,2027-07-11,"Athens, Greece",,C,,53.42,1013,0.8,False,35,954,https://www.myhuiban.com/conference/5656
432,ICDAR,International Conference on Document Analysis and Recognition,2027-02-28,2027-05-15,2027-08-18,"Kuala Lumpur, Malaysia",C,A,A2,73.2,286,0.8,False,21,143031,https://www.myhuiban.com/conference/432
589,PETS,Privacy Enhancing Technologies Symposium,2027-02-28,2027-05-01,2027-07-19,"Delft, The Netherlands",C,A,,85.67,122,1,False,27,107127,https://www.myhuiban.com/conference/589
366,ACISP,Australasian Conference on Information Security and Privacy,2027-03-01,2027-04-16,2027-07-07,"Melbourne, Australia",C,B,,78.22,220,1,False,32,221332,https://www.myhuiban.com/conference/366
368,EAI SecureComm,EAI International Conference on Security and Privacy in Communication Networks,2027-03-01,2027-05-01,2027-10-15,"Hefei, China",C,C,B1,80.2,198,1,False,23,131373,https://www.myhuiban.com/conference/368
134,VLDB,International Conference on Very Large Data Bases,2027-03-01,2027-04-15,2027-08-23,"Athens, Greece",A,A*,,83.26,155,0.8,False,53,1052573,https://www.myhuiban.com/conference/134
5663,FQAS,International Conference on Flexible Query Answering Systems,2027-03-15,,2027-09-08,"Bergamo, Italy",,C,,52.16,1190,0.8,False,17,698,https://www.myhuiban.com/conference/5663
1861,SECRYPT,International Conference on Security and Cryptography,2027-03-23,2027-05-19,2027-07-20,"Rome, Italy",,C,,59.22,629,0.8,False,24,22191,https://www.myhuiban.com/conference/1861
1624,DATA,"International Conference on Data Science, Technology and Applications",2027-03-25,2027-05-17,2027-07-19,"Rome, Italy",,C,,56.74,750,0.8,False,16,18594,https://www.myhuiban.com/conference/1624
1626,ICSOFT,International Conference on Software Technologies,2027-03-25,2027-05-17,2027-07-19,"Rome, Italy",,C,B4,58.48,660,0.8,False,22,28056,https://www.myhuiban.com/conference/1626
1625,SIMULTECH,"International Conference on Simulation and Modeling Methodologies, Technologies and Applications",2027-03-25,2027-05-17,2027-07-21,"Rome, Italy",,C,,56.22,767,0.8,False,17,17461,https://www.myhuiban.com/conference/1625
162,OOPSLA,"Object-Oriented Programming Systems, Languages and Applications",2027-04-07,2027-07-02,2027-10-10,"Prague, Czech Republic",A,A,A1,93,29,1,False,42,100325,https://www.myhuiban.com/conference/162
101,WETICE,International Conference on Enabling Technologies: Infrastructure for Collaborative Enterprises,2027-04-08,2027-05-10,2027-04-26,"Paris, France",,C,B1,67.12,391,0.8,False,35,34034,https://www.myhuiban.com/conference/101
1288,PST,"International Conference on Privacy, Security and Trust",2027-04-10,2027-06-07,2027-08-25,"Sheffield, UK",,C,B2,63.35,495,0.8,False,24,38056,https://www.myhuiban.com/conference/1288
5648,EAAAI,Engineering Applications and Advances of Artificial Intelligence,2027-04-15,2027-06-13,2027-09-15,"Rome, Italy",,C,,57.21,710,0.8,False,28,871,https://www.myhuiban.com/conference/5648
5684,InSITE,Informing Science and Information Technology Education,2027-05-15,,2027-07-01,"Harare, Zimbabwe",,C,,43.32,3630,0.8,False,0,766,https://www.myhuiban.com/conference/5684
1242,AIA',International Conference on Artificial Intelligence and Application,2027-05-26,,2027-06-11,"Kuala Lumpur, Malaysia",,,B4,53.92,953,0.8,False,9,24939,https://www.myhuiban.com/conference/1242
1042,ICITA,International Conference on Information Technology and Applications,2027-06-20,2027-08-26,2027-10-18,"Las Vegas, Nevada, USA",,C,B2,63.71,483,0.8,False,22,30906,https://www.myhuiban.com/conference/1042
