id,short_name,full_name,submission_date,notification_date,conference_date,location,ccf_rank,core_rank,qualis_rank,is_extended,years,clicked,detail_page
912,IPCCC,International Performance Computing and Communications Conference,2026-08-07,2026-09-20,2026-11-21,"Austin, Texas, USA",C,C,B1,False,45,151670,https://www.myhuiban.com/conference/912
1409,IUI,International Conference on Intelligent User Interfaces,2026-08-13,2026-11-23,2027-02-08,"Helsinki, Finland",B,A,A1,False,32,47499,https://www.myhuiban.com/conference/1409
48,ICEBE,International Conference on e-Business Engineering,2026-08-15,2026-09-15,2026-11-11," Wuhan, China",,,B2,False,22,45843,https://www.myhuiban.com/conference/48
620,MMM,International Conference on MultiMedia Modeling,2026-08-16,2026-10-16,2027-01-05,"Siem Reap, Cambodia",C,B,B1,False,33,176992,https://www.myhuiban.com/conference/620
300,PKC,International Conference on Practice and Theory in Public Key Cryptography,2026-08-16,2026-11-26,2027-03-01,"Taipei, Taiwan",B,B,A2,False,30,58840,https://www.myhuiban.com/conference/300
527,WSDM,International Conference on Web Search and Data Mining,2026-08-17,2026-11-02,2027-02-15,"Hong Kong, China",B,A,B1,False,20,343198,https://www.myhuiban.com/conference/527
293,NDSS,Annual Network & Distributed System Security Symposium,2026-08-19,2026-11-04,2027-03-22,"Seoul, South Korea",A,A*,A1,False,34,202818,https://www.myhuiban.com/conference/293
485,BIBE,International Conference on Bioinformatics & Bioengineering,2026-08-22,2026-09-04,2026-11-27,"Shanghai, China",,C,B1,False,26,25449,https://www.myhuiban.com/conference/485
550,VR,IEEE Conference on Virtual Reality and 3D User Interfaces,2026-08-24,2027-01-07,2027-02-27,"Melbourne, Australia",A,A*,A2,False,34,80226,https://www.myhuiban.com/conference/550
104,MobiCom,International Conference on Mobile Computing and Networking,2026-08-26,2026-11-19,2027-10-18,to be updated,A,A*,A1,False,33,379353,https://www.myhuiban.com/conference/104
517,WACV,IEEE/CVF Winter Conference on Applications of Computer Vision,2026-08-28,2026-10-09,2027-01-04,"Buena Vista, Florida, USA",,A,B1,False,0,40643,https://www.myhuiban.com/conference/517
1574,ICETC,International Conference on Education Technology and Computers,2026-08-30,2026-09-30,2026-12-14,"Porto, Portugal",,,B4,True,18,22641,https://www.myhuiban.com/conference/1574
653,ISM,International Symposium on Multimedia,2026-09-01,2026-10-01,2026-12-07,"Laguna Hills, California, USA",,C,B2,False,28,31923,https://www.myhuiban.com/conference/653
1025,ICCTA,International Conference on Computer Theory and Applications,2026-09-01,2026-10-22,2026-12-06,"Alexandria, Egypt",,,B3,False,36,26900,https://www.myhuiban.com/conference/1025
1618,LASCAS,Latin American Symposium on Circuits and Systems,2026-09-01,2026-10-23,2027-02-23,"Panama City, Panama",,,B5,False,18,20918,https://www.myhuiban.com/conference/1618
140,ICDT,International Conference on Database Theory,2026-09-03,2026-12-01,2027-04-06,"Lille, France",B,A,B1,False,30,90481,https://www.myhuiban.com/conference/140
214,PerCom,International Conference on Pervasive Computing and Communications,2026-09-04,2026-12-18,2027-03-08,"Goa, India",B,A*,A2,False,25,59951,https://www.myhuiban.com/conference/214
216,DATE,"Design, Automation and Test in Europe",2026-09-07,2026-11-10,2027-03-22,"Dresden, Germany",B,A,A1,False,30,964876,https://www.myhuiban.com/conference/216
713,ISSCC,IEEE International Solid-State Circuits Conference,2026-09-09,2026-10-21,2027-02-14,"San Francisco, California, USA",,,B1,False,74,39895,https://www.myhuiban.com/conference/713
322,ASPLOS,International Conference on Architectural Support for Programming Languages and Operating Systems,2026-09-09,2026-12-21,2027-04-11,"Heraklion, Crete, Greece",A,A*,A1,False,32,276162,https://www.myhuiban.com/conference/322
345,CGO,International Symposium on Code Generation and Optimization,2026-09-10,2026-11-02,2027-01-31,"Salt Lake City, Utah, USA",B,A,A2,False,25,51957,https://www.myhuiban.com/conference/345
303,NSDI,USENIX Symposium on Networked Systems Design and Implementation,2026-09-10,2026-12-08,2027-05-11,"Providence, Rhode Island, USA",A,,A1,False,24,523203,https://www.myhuiban.com/conference/303
961,CHI,ACM Conference on Human Factors in Computing Systems,2026-09-10,2026-12-17,2027-05-10,"Pittsburgh, Pennsylvania, USA",A,A*,A1,False,45,2694821,https://www.myhuiban.com/conference/961
316,WCNC,IEEE Wireless Communications and Networking Conference,2026-09-15,,2027-04-05,"Panama City, Panama",C,B,A2,False,25,426097,https://www.myhuiban.com/conference/316
997,SOFSEM,International Conference on Current Trends in Theory and Practice of Computer Science,2026-09-15,2026-11-10,2027-02-02,"Ioannina, Greece",,B,B1,False,52,26545,https://www.myhuiban.com/conference/997
371,ICAART,International Conference on Agents and Artificial Intelligence,2026-09-15,2026-11-13,2027-02-23,"Valletta, Malta",,B,B4,False,19,53210,https://www.myhuiban.com/conference/371
657,VISAPP,International Conference on Computer Vision Theory and Applications,2026-09-15,2026-11-13,2027-02-26,"Valletta, Malta",,,B3,False,22,46154,https://www.myhuiban.com/conference/657
323,FAST,USENIX Conference on File and Storage Technologies,2026-09-15,2026-12-08,2027-02-23,"Renton, Washington, USA",A,A,A1,False,25,501652,https://www.myhuiban.com/conference/323
217,VMCAI,"International Conference on Verification, Model Checking, and Abstract Interpretation",2026-09-16,2026-11-06,2027-01-11,"Mexico City, Mexico",B,B,A2,False,28,50287,https://www.myhuiban.com/conference/217
429,ICASSP,"International Conference on Acoustics, Speech and Signal Processing",2026-09-16,2027-01-13,2027-05-16,"Toronto, Ontario, Canada",B,,A1,False,52,8795931,https://www.myhuiban.com/conference/429
966,FC,International Conference on Financial Cryptography and Data Security,2026-09-17,2026-11-05,2027-02-08,Barbados,C,A,B1,False,31,63273,https://www.myhuiban.com/conference/966
294,Eurocrypt,International Conference on the Theory and Applications of Cryptographic Techniques,2026-09-17,2027-01-18,2027-04-11,"Eindhoven, the Netherlands",A,A*,A1,False,46,120729,https://www.myhuiban.com/conference/294
558,ISQED,International Symposium on Quality Electronic Design,2026-09-17,2027-01-22,2027-04-14,"San Francisco, California, USA",,,B1,False,28,109970,https://www.myhuiban.com/conference/558
199,EuroSys,European Conference on Computer Systems,2026-09-17,2027-01-29,2027-04-19,"Rabat, Morocco",A,A,A2,False,22,193364,https://www.myhuiban.com/conference/199
472,HRI,International Conference on Human-Robot Interaction,2026-09-18,,2027-03-08,"Santa Clara, California, USA",,A*,A2,False,22,75874,https://www.myhuiban.com/conference/472
718,ICOIN,International Conference on Information Networking,2026-09-18,2026-11-13,2027-01-13,"Nha Trang, Vietnam",,,B1,False,41,43725,https://www.myhuiban.com/conference/718
557,ISPD,International Symposium on Physical Design,2026-09-21,2026-11-05,2027-03-31,"Taipei, Taiwan",C,,A2,False,36,53204,https://www.myhuiban.com/conference/557
159,ECIR,European Conference on Information Retrieval,2026-09-21,2026-12-07,2027-03-21,"Southampton, UK",C,A,A2,False,49,132135,https://www.myhuiban.com/conference/159
1375,ICMLC,International Conference on Machine Learning and Computing,2026-09-25,2026-10-25,2027-02-26,"Shenzhen, China",,,B4,False,19,52598,https://www.myhuiban.com/conference/1375
271,Eurographics,Annual Conference of the European Association for Computer Graphics,2026-09-25,2026-12-18,2027-05-10,"Lucca, Italy",B,,A2,False,48,68598,https://www.myhuiban.com/conference/271
218,SAC',ACM Symposium On Applied Computing,2026-10-02,2026-11-13,2027-04-05,"Gwangju, South Korea",,,A1,False,42,1004668,https://www.myhuiban.com/conference/218
617,DCC,Data Compression Conference,2026-10-02,2026-11-22,2027-03-23,"Snowbird, Utah, USA",B,B,A2,False,0,77346,https://www.myhuiban.com/conference/617
1404,EDCC,European Dependable Computing Conference,2026-10-02,2026-12-11,2027-04-06,"Trondheim, Norway",,,B2,False,22,23021,https://www.myhuiban.com/conference/1404
318,ICC,International Conference on Communications,2026-10-02,2027-01-15,2027-05-30,"Washington DC, USA",C,,A2,False,26,11256034,https://www.myhuiban.com/conference/318
87,FSE,ACM SIGSOFT Symposium on the Foundations of Software Engineering,2026-10-02,2027-03-31,2027-07-12,"Shenzhen, China",A,A*,A1,False,35,1901059,https://www.myhuiban.com/conference/87
139,EDBT,International Conference on Extending Database Technology,2026-10-07,2026-12-05,2027-04-06,"Lille, France",B,B,A2,False,30,167294,https://www.myhuiban.com/conference/139
608,HotMobile,International Workshop on Mobile Computing Systems and Applications,2026-10-09,2026-12-16,2027-02-24,"Tucson, Arizona",,,B2,False,28,30969,https://www.myhuiban.com/conference/608
230,ICSC,International Conference on Semantic Computing,2026-10-10,2026-12-01,2027-02-01,"Laguna Hills, California, USA",,,B2,False,21,39707,https://www.myhuiban.com/conference/230
133,SIGMOD,ACM Conference on Management of Data,2026-10-10,2027-01-19,2027-06-13,"Huntington Beach, California, USA",A,A*,A1,False,54,1319350,https://www.myhuiban.com/conference/133
137,The Web Conference,The ACM Web Conference,2026-10-11,2026-12-10,2027-05-10,"Dublin, Ireland",A,A*,A1,False,36,665765,https://www.myhuiban.com/conference/137
389,STACS,International Symposium on Theoretical Aspects of Computer Science,2026-10-11,2026-12-22,2027-03-08,"Gottingen, Germany",C,A,A2,False,44,46750,https://www.myhuiban.com/conference/389
426,NAACL,Annual Conference of the North American Chapter of the Association for Computational Linguistics,2026-10-12,,2027-06-01,"San Francisco, California, USA",B,A,A1,False,25,435962,https://www.myhuiban.com/conference/426
743,ICIT,IEEE International Conference on Industrial Technology,2026-10-12,2026-12-11,2027-03-15,"Florianopolis, Brazil",,,B3,False,28,43391,https://www.myhuiban.com/conference/743
340,ISCAS,International Symposium on Circuits and Systems,2026-10-13,2027-01-11,2027-06-06,"Bordeaux, France",B,C,A1,False,0,147004,https://www.myhuiban.com/conference/340
200,ESOP,European Symposium on Programming,2026-10-15,2026-12-22,2027-04-10,"Copenhagen, Denmark",,A,A2,False,36,47778,https://www.myhuiban.com/conference/200
202,FoSSaCS,International Conference on Foundations of Software Science and Computation Structures,2026-10-15,2026-12-22,2027-04-10,"Copenhagen, Denmark",,B,A2,False,30,42529,https://www.myhuiban.com/conference/202
203,TACAS,International Conference on Tools and Algorithms for the Construction and Analysis of Systems,2026-10-15,2026-12-22,2027-04-10,"Copenhagen, Denmark",,A,A1,False,33,51708,https://www.myhuiban.com/conference/203
572,MSR,Working Conference on Mining Software Repositories,2026-10-20,2027-01-08,2027-04-26,"Dublin, Ireland",C,A,B1,False,24,42550,https://www.myhuiban.com/conference/572
186,SEAMS,International Symposium on Software Engineering for Adaptive and Self-Managing Systems,2026-10-21,2026-12-03,2027-04-26,"Dublin, Ireland",,A,B3,False,22,34985,https://www.myhuiban.com/conference/186
176,ICSA,IEEE International Conference on Software Architecture,2026-10-30,2026-12-15,2027-03-08,"Sydney, Australia",C,A,B1,False,24,70622,https://www.myhuiban.com/conference/176
1349,EvoCOP,European Conference on Evolutionary Computation in Combinatorial Optimisation,2026-11-01,2027-01-10,2027-03-31,"Mainz, Germany",,B,B2,False,27,22322,https://www.myhuiban.com/conference/1349
1598,EuroGP,European Conference on Genetic Programming,2026-11-01,2027-01-10,2027-07-31,"Mainz, Germany",,B,B1,False,30,17653,https://www.myhuiban.com/conference/1598
934,ICST,"International Conference on Software Testing, Verification and Validation",2026-11-02,2027-02-20,2027-05-17,"San Sebastian, Spain",C,A,B2,False,20,47586,https://www.myhuiban.com/conference/934
1391,ICEIT,International Conference on Educational and Information Technology,2026-11-05,2026-12-05,2027-03-26,"Chongqing, China",,,B5,False,16,25944,https://www.myhuiban.com/conference/1391
349,RTAS,IEEE Real-Time and Embedded Technology and Applications Symposium,2026-11-05,2027-01-28,2027-05-11,"New York City, New York, USA",B,A,A2,False,33,49019,https://www.myhuiban.com/conference/349
286,PacificVis,IEEE Pacific Visualization Symposium,2026-11-08,2026-12-15,2027-04-19,"Busan, South Korea",C,B,B3,False,20,60413,https://www.myhuiban.com/conference/286
135,ICDE,International Conference on Data Engineering,2026-11-11,2027-02-10,2027-05-17,"Copenhagen, Denmark",A,A*,A1,False,43,340409,https://www.myhuiban.com/conference/135
182,ICEIS,International Conference on Enterprise Information Systems,2026-11-17,2027-01-15,2027-04-20,"Rome, Italy",,,B1,False,29,71748,https://www.myhuiban.com/conference/182
254,ENASE,International Conference on Evaluation of Novel Approaches to Software Engineering,2026-11-17,2027-01-15,2027-04-20,"Rome, Italy",,B,B4,False,22,25946,https://www.myhuiban.com/conference/254
897,MMSys,ACM Multimedia Systems Conference,2026-11-19,2026-12-22,2027-03-30,"Ghent, Belgium",,A,B3,False,18,74926,https://www.myhuiban.com/conference/897
158,DASFAA,International Conference on Database Systems for Advanced Applications,2026-11-22,,2027-05-28,"Shenyang, China",B,B,B1,False,32,345995,https://www.myhuiban.com/conference/158
187,DSN,International Conference on Dependable Systems and Networks,2026-11-25,2027-03-18,2027-06-22,"Berlin, Germany",B,A,A1,False,57,158124,https://www.myhuiban.com/conference/187
585,FSE',International Conference on Fast Software Encryption,2026-12-01,2027-02-01,2027-05-24,"Maastricht, the Netherlands",B,B,A2,False,33,58456,https://www.myhuiban.com/conference/585
358,OSDI,USENIX Symposium on Operating Systems Design and Implementation,2026-12-01,2027-03-16,2027-07-07,"Baltimore, Maryland, USA",A,A*,A1,False,21,4561143,https://www.myhuiban.com/conference/358
138,PODS,ACM SIGMOD Conference on Principles of DB Systems,2026-12-03,2027-03-01,2027-06-13,"Huntington Beach, California, USA",B,A*,A1,False,46,7151629,https://www.myhuiban.com/conference/138
342,CCGRID,"International Symposium on Cluster, Cloud and Grid Computing",2026-12-08,2027-02-10,2027-05-17,"Dallas-Fort Worth, Texas, USA",C,B,A1,False,27,339237,https://www.myhuiban.com/conference/342
1485,ETS,European Test Symposium,2026-12-08,2027-02-19,2027-05-24,"London, UK",C,B,B2,False,32,42311,https://www.myhuiban.com/conference/1485
367,ACM ASIACCS,ACM ASIA Conference on Computer and Communications Security,2026-12-11,2027-03-31,2027-07-12,"Macau, China",C,A,B1,False,22,240573,https://www.myhuiban.com/conference/367
327,SIGMETRICS,International Conference on Measurement and Modeling of Computer Systems,2027-01-11,2027-03-10,2027-06-07,"Atlanta, Georgia, USA",B,A*,A1,False,53,756456,https://www.myhuiban.com/conference/327
1413,DIS,ACM Conference on Designing Interactive Systems,2027-01-11,2027-03-19,2027-06-28,"Stockholm, Sweden",C,A,A2,False,0,337194,https://www.myhuiban.com/conference/1413
526,ICWSM,International AAAI Conference on Web and Social Media,2027-01-15,2027-03-15,2027-05-27,"Edinburgh, UK",B,A,B1,False,21,35695,https://www.myhuiban.com/conference/526
292,USENIX Security,USENIX Security Symposium,2027-01-19,,2027-08-11,"Denver, Colorado, USA",A,A*,A1,False,36,363706,https://www.myhuiban.com/conference/292
360,ACNS,International Conference on Applied Cryptography and Network Security,2027-01-21,2027-03-25,2027-06-28,"Egham, UK",C,B,B1,False,25,120467,https://www.myhuiban.com/conference/360
428,IJCNN,International Joint Conference on Neural Networks,2027-01-31,2027-03-15,2027-06-14,"Cape Town, South Africa",C,B,A2,False,0,10304951,https://www.myhuiban.com/conference/428
1491,INTERACT,IFIP TC13 International Conference on Human-Computer Interaction,2027-02-01,2027-03-08,2027-08-23,"Tallinn, Estonia",C,B,B1,False,21,36427,https://www.myhuiban.com/conference/1491
169,ECOOP,European Conference on Object-Oriented Programming,2027-02-11,2027-04-08,2027-06-28,"Turin, Italy",B,A,A1,False,41,72437,https://www.myhuiban.com/conference/169
